#Conference	Forum	Status	Decision
iclr_2018	ryzm6BATZ	no_revision	Reject
iclr_2018	ryykVe-0W	complete	Reject
iclr_2018	rywHCPkAW	complete	Accept (Poster)
iclr_2018	rywDjg-RW	complete	Accept (Poster)
iclr_2018	ryvxcPeAb	no_revision	Reject
iclr_2018	ryup8-WCW	complete	Accept (Poster)
iclr_2018	rytstxWAW	complete	Accept (Poster)
iclr_2018	rytNfI1AZ	complete	Accept (Poster)
iclr_2018	ryserbZR-	complete	Reject
iclr_2018	rypT3fb0b	complete	Accept (Poster)
iclr_2018	rylejExC-	complete	Reject
iclr_2018	rylSzl-R-	complete	Accept (Poster)
iclr_2018	ryk77mbRZ	no_revision	Reject
iclr_2018	ryjw_eAaZ	complete	Reject
iclr_2018	ryj38zWRb	complete	Reject
iclr_2018	ryj0790hb	no_revision	Reject
iclr_2018	ryiAv2xAZ	complete	Accept (Poster)
iclr_2018	ryepFJbA-	complete	Reject
iclr_2018	rye7IMbAZ	complete	Reject
iclr_2018	rydeCEhs-	complete	Accept (Poster)
iclr_2018	rybDdHe0Z	complete	Reject
iclr_2018	rybAWfx0b	complete	Invite to Workshop Track
iclr_2018	ryb83alCZ	complete	Reject
iclr_2018	ryazCMbR-	complete	Accept (Poster)
iclr_2018	ryacTMZRZ	no_revision	Reject
iclr_2018	ry_WPG-A-	complete	Accept (Poster)
iclr_2018	ryZElGZ0Z	no_revision	Reject
iclr_2018	ryZERzWCZ	no_revision	Reject
iclr_2018	ryZ8sz-Ab	complete	Invite to Workshop Track
iclr_2018	ryZ3KCy0W	no_revision	Reject
iclr_2018	ryZ283gAZ	complete	Invite to Workshop Track
iclr_2018	ryY4RhkCZ	no_revision	Reject
iclr_2018	ryUlhzWCZ	complete	Accept (Poster)
iclr_2018	ryTp3f-0-	complete	Accept (Poster)
iclr_2018	ryRh0bb0Z	complete	Accept (Poster)
iclr_2018	ryQu7f-RZ	complete	Accept (Oral)
iclr_2018	ryPW2e-A-	no_decision	None
iclr_2018	ryOG3fWCW	no_revision	Reject
iclr_2018	ryH_bShhW	no_revision	Reject
iclr_2018	ryHM_fbA-	no_revision	Reject
iclr_2018	ryH20GbRW	complete	Accept (Poster)
iclr_2018	ryG6xZ-RZ	complete	Invite to Workshop Track
iclr_2018	ryF-cQ6T-	complete	Reject
iclr_2018	ryDNZZZAW	complete	Invite to Workshop Track
iclr_2018	ryCM8zWRb	complete	Reject
iclr_2018	ryBnUWb0b	complete	Accept (Poster)
iclr_2018	ryBfxWPp-	no_decision	None
iclr_2018	ryALZdAT-	complete	Invite to Workshop Track
iclr_2018	ryA-jdlA-	no_revision	Reject
iclr_2018	ry9yolu6W	no_decision	None
iclr_2018	ry9tUX_6-	complete	Reject
iclr_2018	ry8dvM-R-	complete	Accept (Poster)
iclr_2018	ry831QWAb	complete	Reject
iclr_2018	ry80wMW0W	complete	Accept (Poster)
iclr_2018	ry6-G_66b	complete	Accept (Poster)
iclr_2018	ry5wc1bCW	no_reviews	Reject
iclr_2018	ry4SNTe0-	no_revision	Reject
iclr_2018	ry4S90l0b	complete	Reject
iclr_2018	ry1arUgCW	complete	Accept (Poster)
iclr_2018	ry0WOxbRZ	no_revision	Reject
iclr_2018	ry018WZAZ	complete	Accept (Poster)
iclr_2018	ry-TW-WAb	complete	Accept (Poster)
iclr_2018	rkxY-sl0W	complete	Invite to Workshop Track
iclr_2018	rkw-jlb0W	complete	Reject
iclr_2018	rkvDssyRb	no_revision	Reject
iclr_2018	rkrWCJWAW	no_revision	Reject
iclr_2018	rkrC3GbRW	complete	Accept (Poster)
iclr_2018	rkr1UDeC-	complete	Accept (Poster)
iclr_2018	rkpoTaxA-	complete	Accept (Poster)
iclr_2018	rknt2Be0-	complete	Accept (Poster)
iclr_2018	rkmu5b0a-	complete	Accept (Poster)
iclr_2018	rkmtTJZCb	complete	Reject
iclr_2018	rkmoiMbCb	complete	Reject
iclr_2018	rkhxwltab	complete	Reject
iclr_2018	rkhlb8lCZ	complete	Accept (Poster)
iclr_2018	rkhCSO4T-	no_revision	Reject
iclr_2018	rkgOLb-0W	complete	Accept (Poster)
iclr_2018	rkfbLilAb	complete	Reject
iclr_2018	rkfOvGbCW	complete	Accept (Poster)
iclr_2018	rkeZRGbRW	no_revision	Reject
iclr_2018	rkdU7tCaZ	complete	Reject
iclr_2018	rkcya1ZAW	complete	Reject
iclr_2018	rkc_hGb0Z	no_revision	Reject
iclr_2018	rkcQFMZRb	complete	Accept (Poster)
iclr_2018	rkaqxm-0b	complete	Reject
iclr_2018	rkaT3zWCZ	complete	Invite to Workshop Track
iclr_2018	rkZzY-lCb	complete	Reject
iclr_2018	rkZvSe-RZ	complete	Accept (Poster)
iclr_2018	rkZB1XbRZ	complete	Accept (Poster)
iclr_2018	rkYgAJWCZ	complete	Reject
iclr_2018	rkYTTf-AZ	complete	Accept (Poster)
iclr_2018	rkWN3g-AZ	complete	Reject
iclr_2018	rkTS8lZAb	complete	Accept (Poster)
iclr_2018	rkTBjG-AZ	no_revision	Reject
iclr_2018	rkRwGg-0Z	complete	Accept (Oral)
iclr_2018	rkQu4Wb0Z	complete	Reject
iclr_2018	rkQsMCJCb	no_revision	Reject
iclr_2018	rkQkBnJAb	complete	Accept (Poster)
iclr_2018	rkPLzgZAZ	complete	Accept (Poster)
iclr_2018	rkONG0xAW	complete	Reject
iclr_2018	rkO3uTkAZ	complete	Accept (Poster)
iclr_2018	rkN2Il-RZ	complete	Accept (Poster)
iclr_2018	rkMt1bWAZ	complete	Reject
iclr_2018	rkLyJl-0-	complete	Accept (Poster)
iclr_2018	rkHywl-A-	complete	Accept (Poster)
iclr_2018	rkHVZWZAZ	complete	Accept (Poster)
iclr_2018	rkGZuJb0b	complete	Reject
iclr_2018	rkEtzzWAb	complete	Invite to Workshop Track
iclr_2018	rkEfPeZRb	complete	Invite to Workshop Track
iclr_2018	rkA1f3NpZ	complete	Reject
iclr_2018	rk9kKMZ0-	complete	Reject
iclr_2018	rk8wKk-R-	complete	Invite to Workshop Track
iclr_2018	rk8R_JWRW	no_revision	Reject
iclr_2018	rk6qdGgCZ	complete	Reject
iclr_2018	rk6cfpRjZ	complete	Accept (Poster)
iclr_2018	rk6H0ZbRb	complete	Invite to Workshop Track
iclr_2018	rk4Fz2e0b	no_revision	Invite to Workshop Track
iclr_2018	rk49Mg-CW	complete	Accept (Poster)
iclr_2018	rk3pnae0b	no_revision	Invite to Workshop Track
iclr_2018	rk3mjYRp-	no_revision	Reject
iclr_2018	rk3b2qxCW	complete	Reject
iclr_2018	rk1FQA0pW	no_revision	Reject
iclr_2018	rk07ZXZRb	complete	Accept (Poster)
iclr_2018	rJzIBfZAb	complete	Accept (Poster)
iclr_2018	rJwelMbR-	complete	Accept (Poster)
iclr_2018	rJvJXZb0W	complete	Accept (Poster)
iclr_2018	rJv4XWZA-	no_revision	Reject
iclr_2018	rJssAZ-0-	complete	Reject
iclr_2018	rJrTwxbCb	complete	Invite to Workshop Track
iclr_2018	rJr4kfWCb	complete	Reject
iclr_2018	rJqfKPJ0Z	no_revision	Reject
iclr_2018	rJoXrxZAZ	no_revision	Reject
iclr_2018	rJma2bZCW	complete	Reject
iclr_2018	rJm7VfZA-	complete	Accept (Poster)
iclr_2018	rJlMAAeC-	complete	Accept (Poster)
iclr_2018	rJl63fZRb	complete	Accept (Poster)
iclr_2018	rJl3yM-Ab	complete	Accept (Poster)
iclr_2018	rJk51gJRb	complete	Invite to Workshop Track
iclr_2018	rJiaRbk0-	complete	Reject
iclr_2018	rJhR_pxCZ	complete	Reject
iclr_2018	rJg4YGWRb	complete	Reject
iclr_2018	rJfHoM-C-	no_pdf	Reject
iclr_2018	rJe7FW-Cb	complete	Reject
iclr_2018	rJbs5gbRW	no_revision	Reject
iclr_2018	rJaE2alRW	no_revision	Reject
iclr_2018	rJa90ceAb	no_revision	Reject
iclr_2018	rJYFzMZC-	complete	Accept (Poster)
iclr_2018	rJXMpikCZ	complete	Accept (Poster)
iclr_2018	rJWrK9lAb	complete	Invite to Workshop Track
iclr_2018	rJWechg0Z	complete	Accept (Poster)
iclr_2018	rJVruWZRW	complete	Reject
iclr_2018	rJUYGxbCW	complete	Accept (Poster)
iclr_2018	rJUBryZ0W	complete	Reject
iclr_2018	rJTutzbA-	complete	Accept (Oral)
iclr_2018	rJTGkKxAZ	no_revision	Reject
iclr_2018	rJSr0GZR-	complete	Reject
iclr_2018	rJR2ylbRb	no_revision	Reject
iclr_2018	rJQDjk-0b	complete	Accept (Poster)
iclr_2018	rJNpifWAb	complete	Accept (Poster)
iclr_2018	rJLTTe-0W	complete	Reject
iclr_2018	rJL6pz-CZ	complete	Reject
iclr_2018	rJJzTyWCZ	complete	Reject
iclr_2018	rJIgf7bAZ	complete	Reject
iclr_2018	rJIN_4lA-	complete	Reject
iclr_2018	rJHcpW-CW	no_revision	Reject
iclr_2018	rJGZq6g0-	complete	Accept (Poster)
iclr_2018	rJGY8GbR-	complete	Invite to Workshop Track
iclr_2018	rJFOptp6Z	no_revision	Reject
iclr_2018	rJBwoM-Cb	no_revision	Reject
iclr_2018	rJBiunlAW	complete	Reject
iclr_2018	rJ8rHkWRb	complete	Reject
iclr_2018	rJ7yZ2P6-	complete	Reject
iclr_2018	rJ7RBNe0-	no_revision	Reject
iclr_2018	rJ6iJmWCW	complete	Reject
iclr_2018	rJ695PxRW	no_revision	Reject
iclr_2018	rJ5C67-C-	complete	Reject
iclr_2018	rJ4uaX2aW	complete	Reject
iclr_2018	rJ3fy0k0Z	no_revision	Reject
iclr_2018	rJ33wwxRb	complete	Accept (Poster)
iclr_2018	rJ1RPJWAW	complete	Reject
iclr_2018	r1wEFyWCW	complete	Accept (Poster)
iclr_2018	r1vuQG-CW	complete	Accept (Poster)
iclr_2018	r1vccClCb	complete	Reject
iclr_2018	r1uOhfb0W	complete	Reject
iclr_2018	r1tJKuyRZ	complete	Reject
iclr_2018	r1saNM-RW	complete	Reject
iclr_2018	r1q7n9gAb	complete	Accept (Poster)
iclr_2018	r1pW0WZAW	complete	Invite to Workshop Track
iclr_2018	r1nzLmWAb	no_revision	Reject
iclr_2018	r1nmx5l0W	complete	Reject
iclr_2018	r1lfpfZAb	complete	Invite to Workshop Track
iclr_2018	r1lUOzWCW	complete	Accept (Poster)
iclr_2018	r1l4eQW0Z	complete	Accept (Poster)
iclr_2018	r1kjEuHpZ	no_revision	Reject
iclr_2018	r1kj4ACp-	no_revision	Reject
iclr_2018	r1kP7vlRb	no_pdf	Reject
iclr_2018	r1kNDlbCb	complete	Reject
iclr_2018	r1iuQjxCZ	complete	Accept (Poster)
iclr_2018	r1hsJCe0Z	no_revision	Invite to Workshop Track
iclr_2018	r1h2DllAW	complete	Reject
iclr_2018	r1gs9JgRZ	complete	Accept (Poster)
iclr_2018	r1drp-WCZ	complete	Reject
iclr_2018	r1dHXnH6-	complete	Accept (Poster)
iclr_2018	r1cLblgCZ	complete	Reject
iclr_2018	r1ayG7WRZ	no_revision	Reject
iclr_2018	r1Zi2Mb0-	no_revision	Reject
iclr_2018	r1ZdKJ-0W	complete	Accept (Poster)
iclr_2018	r1YqWz-R-	complete	Reject
iclr_2018	r1YUtYx0-	complete	Invite to Workshop Track
iclr_2018	r1VVsebAZ	complete	Accept (Poster)
iclr_2018	r1TA9ZbA-	complete	Reject
iclr_2018	r1SuFjkRW	complete	Reject
iclr_2018	r1SnX5xCb	complete	Accept (Poster)
iclr_2018	r1RQdCg0W	no_revision	Reject
iclr_2018	r1RF3ExCb	complete	Reject
iclr_2018	r1QZ3zbAZ	no_revision	Reject
iclr_2018	r1Oen--RW	no_revision	Reject
iclr_2018	r1NYjfbR-	complete	Accept (Poster)
iclr_2018	r1Kr3TyAb	no_revision	Reject
iclr_2018	r1ISxGZRb	complete	Reject
iclr_2018	r1HhRfWRZ	complete	Accept (Poster)
iclr_2018	r1HNP0eCW	no_revision	Reject
iclr_2018	r1Dx7fbCW	complete	Accept (Poster)
iclr_2018	r1Ddp1-Rb	complete	Accept (Poster)
iclr_2018	r1DPFCyA-	no_revision	Reject
iclr_2018	r1CE9GWR-	complete	Reject
iclr_2018	r1BRfhiab	no_revision	Reject
iclr_2018	r1AoGNlC-	complete	Reject
iclr_2018	r1AMITFaW	complete	Reject
iclr_2018	r17lFgZ0Z	no_revision	Reject
iclr_2018	r17Q6WWA-	no_revision	Reject
iclr_2018	r16Vyf-0-	complete	Reject
iclr_2018	r15kjpHa-	no_revision	Reject
iclr_2018	r154_g-Rb	complete	Reject
iclr_2018	r11Q2SlRW	complete	Accept (Poster)
iclr_2018	r111KtCp-	no_revision	Reject
iclr_2018	SyzKd1bCW	complete	Accept (Poster)
iclr_2018	SyyGPP0TZ	complete	Accept (Poster)
iclr_2018	SyxCqGbRZ	no_revision	Reject
iclr_2018	Syx6bz-Ab	no_revision	Reject
iclr_2018	SywXXwJAb	complete	Accept (Poster)
iclr_2018	SyvCD-b0W	no_revision	Reject
iclr_2018	SyunbfbAb	complete	Invite to Workshop Track
iclr_2018	SyuWNMZ0W	no_revision	Reject
iclr_2018	Syt0r4bRZ	no_revision	Reject
iclr_2018	SysEexbRb	complete	Accept (Poster)
iclr_2018	SyrYCWWRW	no_decision	None
iclr_2018	SyrGJYlRZ	complete	Reject
iclr_2018	Syr8Qc1CW	no_revision	Invite to Workshop Track
iclr_2018	SyqShMZRb	complete	Accept (Poster)
iclr_2018	SyqAPeWAZ	complete	Reject
iclr_2018	SyoDInJ0-	complete	Accept (Poster)
iclr_2018	SylJ1D1C-	complete	Invite to Workshop Track
iclr_2018	Syl3_2JCZ	no_revision	Reject
iclr_2018	SyjsLqxR-	complete	Reject
iclr_2018	SyjjD1WRb	complete	Reject
iclr_2018	Syjha0gAZ	complete	Reject
iclr_2018	Syhr6pxCW	complete	Accept (Poster)
iclr_2018	SyhcXjy0Z	no_revision	Reject
iclr_2018	SyhRVm-Rb	complete	Reject
iclr_2018	SygwwGbRW	complete	Accept (Poster)
iclr_2018	Syg-YfWCW	complete	Accept (Poster)
iclr_2018	SyfiiMZA-	complete	Invite to Workshop Track
iclr_2018	SybqeKgA-	complete	Reject
iclr_2018	Sy_MK3lAZ	no_revision	Reject
iclr_2018	SyZipzbCb	complete	Accept (Poster)
iclr_2018	SyZI0GWCZ	complete	Accept (Poster)
iclr_2018	SyYe6k-CW	complete	Accept (Poster)
iclr_2018	SyYYPdg0-	complete	Reject
iclr_2018	SyXNErg0W	no_revision	Reject
iclr_2018	SyX0IeWAW	complete	Accept (Poster)
iclr_2018	SyW4Gjg0W	no_revision	Reject
iclr_2018	SyVVXngRW	no_revision	Reject
iclr_2018	SyVOjfbRb	complete	Invite to Workshop Track
iclr_2018	SyUkxxZ0b	complete	Invite to Workshop Track
iclr_2018	SySpa-Z0Z	no_revision	Reject
iclr_2018	SySisz-CW	complete	Reject
iclr_2018	SySaJ0xCZ	complete	Invite to Workshop Track
iclr_2018	SyProzZAW	complete	Accept (Poster)
iclr_2018	SyPMT6gAb	complete	Reject
iclr_2018	SyOK1Sg0W	complete	Accept (Poster)
iclr_2018	SyMvJrdaW	complete	Accept (Poster)
iclr_2018	SyL9u-WA-	complete	Reject
iclr_2018	SyKoKWbC-	complete	Invite to Workshop Track
iclr_2018	SyJS-OgR-	complete	Accept (Poster)
iclr_2018	SyJ7ClWCb	complete	Accept (Poster)
iclr_2018	SyGT_6yCZ	no_revision	Reject
iclr_2018	SyF7Erp6W	complete	Reject
iclr_2018	SyELrEeAb	complete	Accept (Poster)
iclr_2018	SyBBgXWAZ	complete	Reject
iclr_2018	SyAbZb-0Z	complete	Reject
iclr_2018	Sy8XvGb0-	complete	Accept (Poster)
iclr_2018	Sy5OAyZC-	no_revision	Reject
iclr_2018	Sy4c-3xRW	complete	Invite to Workshop Track
iclr_2018	Sy3fJXbA-	complete	Reject
iclr_2018	Sy3XxCx0Z	no_revision	Invite to Workshop Track
iclr_2018	Sy2ogebAW	complete	Accept (Poster)
iclr_2018	Sy21R9JAW	complete	Accept (Poster)
iclr_2018	Sy1f0e-R-	complete	Reject
iclr_2018	Sy0GnUxCb	complete	Accept (Poster)
iclr_2018	Sy-tszZRZ	complete	Reject
iclr_2018	Sy-dQG-Rb	complete	Accept (Poster)
iclr_2018	Skz_WfbCZ	complete	Accept (Poster)
iclr_2018	SkymMAxAb	complete	Reject
iclr_2018	SkxqZngC-	complete	Reject
iclr_2018	Skx5txzb0W	complete	Reject
iclr_2018	SkwAEQbAb	no_revision	Reject
iclr_2018	Skw0n-W0Z	complete	Accept (Poster)
iclr_2018	Skvd-myR-	complete	Reject
iclr_2018	Sktm4zWRb	no_revision	Reject
iclr_2018	SktLlGbRZ	complete	Reject
iclr_2018	SksY3deAW	no_revision	Reject
iclr_2018	SkrHeXbCW	no_revision	Reject
iclr_2018	SkqV-XZRZ	no_revision	Reject
iclr_2018	Skp1ESxRZ	complete	Accept (Poster)
iclr_2018	SknC0bW0-	complete	Reject
iclr_2018	SkmiegW0b	complete	Invite to Workshop Track
iclr_2018	SkmM6M_pW	no_revision	Reject
iclr_2018	Skk3Jm96W	complete	Invite to Workshop Track
iclr_2018	Skj8Kag0Z	complete	Accept (Poster)
iclr_2018	SkiCjzNTZ	no_revision	Reject
iclr_2018	SkhQHMW0W	complete	Accept (Poster)
iclr_2018	SkffVjUaW	complete	Reject
iclr_2018	SkfNU2e0Z	no_revision	Reject
iclr_2018	Skdvd2xAZ	complete	Accept (Poster)
iclr_2018	SkaPsfZ0W	complete	Reject
iclr_2018	SkZxCk-0Z	complete	Accept (Poster)
iclr_2018	SkZ-BnyCW	no_revision	Reject
iclr_2018	SkYibHlRb	complete	Reject
iclr_2018	SkYXvCR6W	complete	Reject
iclr_2018	SkYMnLxRW	complete	Reject
iclr_2018	SkVqXOxCb	complete	Accept (Poster)
iclr_2018	SkT5Yg-RZ	complete	Accept (Poster)
iclr_2018	SkRsFSRpb	complete	Invite to Workshop Track
iclr_2018	SkPoRg10b	no_revision	Reject
iclr_2018	SkOb1Fl0Z	complete	Invite to Workshop Track
iclr_2018	SkNQeiRpb	complete	Reject
iclr_2018	SkJd_y-Cb	no_revision	Reject
iclr_2018	SkJKHMW0Z	complete	Reject
iclr_2018	SkHl6MWC-	complete	Invite to Workshop Track
iclr_2018	SkHkeixAW	complete	Reject
iclr_2018	SkHDoG-Cb	complete	Accept (Poster)
iclr_2018	SkFvV0yC-	complete	Reject
iclr_2018	SkFqf0lAZ	complete	Accept (Poster)
iclr_2018	SkFEGHx0Z	no_revision	Reject
iclr_2018	SkFAWax0-	complete	Accept (Poster)
iclr_2018	SkF2D7g0b	complete	Reject
iclr_2018	SkERSm-0-	complete	Reject
iclr_2018	SkBcLugC-	complete	Reject
iclr_2018	SkBYYyZRZ	no_revision	Invite to Workshop Track
iclr_2018	SkBHr1WRW	complete	Reject
iclr_2018	SkAK2jg0b	no_revision	Reject
iclr_2018	SkA-IE06W	complete	Accept (Poster)
iclr_2018	Sk9yuql0Z	complete	Accept (Poster)
iclr_2018	Sk7cHb-C-	no_revision	Reject
iclr_2018	Sk7KsfW0-	complete	Accept (Poster)
iclr_2018	Sk6fD5yCb	complete	Accept (Poster)
iclr_2018	Sk4w0A0Tb	complete	Invite to Workshop Track
iclr_2018	Sk2u1g-0-	complete	Accept (Oral)
iclr_2018	Sk1NTfZAb	complete	Reject
iclr_2018	Sk0pHeZAW	no_revision	Reject
iclr_2018	Sk03Yi10Z	no_revision	Reject
iclr_2018	SJzmJEq6W	complete	Reject
iclr_2018	SJzRZ-WCZ	complete	Accept (Poster)
iclr_2018	SJzMATlAZ	complete	Reject
iclr_2018	SJyfrl-0b	complete	Invite to Workshop Track
iclr_2018	SJyVzQ-C-	complete	Accept (Poster)
iclr_2018	SJyEH91A-	complete	Accept (Poster)
iclr_2018	SJxE3jlA-	no_revision	Reject
iclr_2018	SJx9GQb0-	complete	Accept (Poster)
iclr_2018	SJw03ceRW	no_revision	Reject
iclr_2018	SJvu-GW0b	complete	Reject
iclr_2018	SJvrXqvaZ	no_revision	Reject
iclr_2018	SJu63o10b	no_revision	Reject
iclr_2018	SJtfOEn6-	no_revision	Reject
iclr_2018	SJtChcgAW	complete	Reject
iclr_2018	SJn0sLgRb	complete	Reject
iclr_2018	SJme6-ZR-	complete	Reject
iclr_2018	SJmAXkgCb	complete	Reject
iclr_2018	SJlhPMWAW	complete	Reject
iclr_2018	SJky6Ry0W	complete	Reject
iclr_2018	SJiHXGWAZ	complete	Accept (Poster)
iclr_2018	SJiHOSeR-	no_revision	Reject
iclr_2018	SJi9WOeRb	complete	Accept (Poster)
iclr_2018	SJgf6Z-0W	complete	Reject
iclr_2018	SJdCUMZAW	no_revision	Reject
iclr_2018	SJd0EAy0b	no_revision	Reject
iclr_2018	SJcKhk-Ab	complete	Accept (Poster)
iclr_2018	SJahqJZAW	complete	Reject
iclr_2018	SJaP_-xAb	complete	Accept (Poster)
iclr_2018	SJa9iHgAZ	complete	Accept (Poster)
iclr_2018	SJa1Nk10b	complete	Reject
iclr_2018	SJZsR7kCZ	complete	Reject
iclr_2018	SJZ2Mf-0-	complete	Invite to Workshop Track
iclr_2018	SJVHY9lCb	no_revision	Reject
iclr_2018	SJUX_MWCZ	complete	Invite to Workshop Track
iclr_2018	SJTB5GZCb	no_revision	Invite to Workshop Track
iclr_2018	SJSVuReCZ	complete	Reject
iclr_2018	SJQO7UJCW	no_revision	Reject
iclr_2018	SJQHjzZ0-	complete	Accept (Poster)
iclr_2018	SJPpHzW0-	complete	Reject
iclr_2018	SJOl4DlCZ	complete	Reject
iclr_2018	SJLy_SxC-	complete	Reject
iclr_2018	SJLlmG-AZ	complete	Accept (Poster)
iclr_2018	SJJySbbAZ	complete	Accept (Poster)
iclr_2018	SJJinbWRZ	complete	Accept (Poster)
iclr_2018	SJJQVZW0b	complete	Accept (Poster)
iclr_2018	SJICXeWAb	complete	Reject
iclr_2018	SJIA6ZWC-	complete	Reject
iclr_2018	SJFM0ZWCb	complete	Reject
iclr_2018	SJDYgPgCZ	no_revision	Reject
iclr_2018	SJDJNzWAZ	complete	Invite to Workshop Track
iclr_2018	SJD8YjCpW	no_revision	Reject
iclr_2018	SJCq_fZ0Z	complete	Reject
iclr_2018	SJCPLLpaW	complete	Reject
iclr_2018	SJA7xfb0b	complete	Accept (Poster)
iclr_2018	SJ8M9yup-	complete	Reject
iclr_2018	SJ71VXZAZ	no_revision	Reject
iclr_2018	SJ60SbW0b	complete	Reject
iclr_2018	SJ3dBGZ0Z	complete	Reject
iclr_2018	SJ1nzBeA-	complete	Accept (Poster)
iclr_2018	SJ1fQYlCZ	no_revision	Reject
iclr_2018	SJ1Xmf-Rb	complete	Accept (Poster)
iclr_2018	SJ19eUg0-	complete	Reject
iclr_2018	SJ-C6JbRW	complete	Accept (Poster)
iclr_2018	S1xDcSR6W	complete	Reject
iclr_2018	S1vuO-bCW	complete	Accept (Poster)
iclr_2018	S1viikbCW	complete	Reject
iclr_2018	S1v4N2l0-	complete	Accept (Poster)
iclr_2018	S1uxsye0Z	complete	Accept (Poster)
iclr_2018	S1tWRJ-R-	no_revision	Reject
iclr_2018	S1sqHMZCb	complete	Accept (Poster)
iclr_2018	S1sRrN-CW	no_revision	Reject
iclr_2018	S1q_Cz-Cb	complete	Reject
iclr_2018	S1pWFzbAW	complete	Invite to Workshop Track
iclr_2018	S1p31z-Ab	no_revision	Accept (Poster)
iclr_2018	S1nQvfgA-	complete	Accept (Poster)
iclr_2018	S1m6h21Cb	no_revision	Reject
iclr_2018	S1lN69AT-	no_revision	Invite to Workshop Track
iclr_2018	S1jBcueAb	complete	Accept (Poster)
iclr_2018	S1fduCl0b	complete	Reject
iclr_2018	S1fcY-Z0-	complete	Reject
iclr_2018	S1fHmlbCW	complete	Reject
iclr_2018	S1cZsf-RW	complete	Accept (Poster)
iclr_2018	S1Y7OOlRZ	complete	Reject
iclr_2018	S1XolQbRW	complete	Accept (Poster)
iclr_2018	S1XXq6lRW	no_revision	Reject
iclr_2018	S1WRibb0Z	complete	Accept (Poster)
iclr_2018	S1TgE7WR-	complete	Invite to Workshop Track
iclr_2018	S1Q79heRW	no_revision	Reject
iclr_2018	S1PWi_lC-	complete	Reject
iclr_2018	S1Ow_e-Rb	complete	Reject
iclr_2018	S1NHaMW0b	complete	Reject
iclr_2018	S1LXVnxRb	complete	Invite to Workshop Track
iclr_2018	S1JHhv6TW	complete	Accept (Oral)
iclr_2018	S1J2ZyZ0Z	complete	Accept (Poster)
iclr_2018	S1HlA-ZAZ	complete	Accept (Poster)
iclr_2018	S1GUgxgCW	complete	Reject
iclr_2018	S1GDXzb0b	complete	Reject
iclr_2018	S1FQEfZA-	no_revision	Reject
iclr_2018	S1FFLWWCZ	no_revision	Reject
iclr_2018	S1EzRgb0W	complete	Reject
iclr_2018	S1EwLkW0W	no_revision	Reject
iclr_2018	S1Euwz-Rb	complete	Accept (Poster)
iclr_2018	S1EfylZ0Z	complete	Reject
iclr_2018	S1Dh8Tg0-	complete	Accept (Poster)
iclr_2018	S1DWPP1A-	complete	Accept (Poster)
iclr_2018	S1D8MPxA-	complete	Accept (Poster)
iclr_2018	S1CChZ-CZ	complete	Accept (Oral)
iclr_2018	S1Auv-WRZ	no_revision	Invite to Workshop Track
iclr_2018	S1ANxQW0b	complete	Accept (Poster)
iclr_2018	S19dR9x0b	complete	Accept (Poster)
iclr_2018	S191YzbRZ	complete	Reject
iclr_2018	S18Su--CW	complete	Accept (Poster)
iclr_2018	S17mtzbRb	no_revision	Reject
iclr_2018	S16FPMgRZ	complete	Reject
iclr_2018	S1680_1Rb	complete	Reject
iclr_2018	S14EogZAZ	complete	Reject
iclr_2018	S1347ot3b	no_revision	Reject
iclr_2018	HyzbhfWRW	complete	Accept (Poster)
iclr_2018	HyydRMZC-	complete	Accept (Poster)
iclr_2018	HyyP33gAZ	complete	Accept (Poster)
iclr_2018	HyxjwgbRZ	complete	Reject
iclr_2018	HyunpgbR-	complete	Reject
iclr_2018	HytSvlWRZ	complete	Reject
iclr_2018	HyrCWeWCb	complete	Accept (Poster)
iclr_2018	HypkN9yRW	complete	Reject
iclr_2018	Hyp3i2xRb	complete	Reject
iclr_2018	Hyp-JJJRW	complete	Reject
iclr_2018	HyowcvgAZ	no_decision	None
iclr_2018	HymuJz-A-	complete	Invite to Workshop Track
iclr_2018	Hymt27b0Z	no_revision	Reject
iclr_2018	HymYLebCb	complete	Reject
iclr_2018	HylgYB3pZ	complete	Reject
iclr_2018	HyjC5yWCW	complete	Accept (Poster)
iclr_2018	Hyig0zb0Z	no_revision	Reject
iclr_2018	HyiRazbRb	complete	Reject
iclr_2018	HyiAuyb0b	complete	Accept (Poster)
iclr_2018	Hyg0vbWC-	complete	Accept (Poster)
iclr_2018	HyfHgI6aW	complete	Accept (Poster)
iclr_2018	HydnA1WCb	no_revision	Reject
iclr_2018	Hy_o3x-0b	no_revision	Reject
iclr_2018	HyZoi-WRb	complete	Accept (Poster)
iclr_2018	HyY0Ff-AZ	no_revision	Reject
iclr_2018	HyXNCZbCZ	complete	Reject
iclr_2018	HyXBcYg0b	complete	Reject
iclr_2018	HyWrIgW0W	complete	Accept (Poster)
iclr_2018	HyUNwulC-	complete	Accept (Poster)
iclr_2018	HyTrSegCb	no_revision	Reject
iclr_2018	HyRnez-RW	complete	Accept (Poster)
iclr_2018	HyRVBzap-	complete	Accept (Poster)
iclr_2018	HyPpD0g0Z	complete	Reject
iclr_2018	HyNyyCxA-	no_decision	None
iclr_2018	HyN-ZvlC-	complete	Reject
iclr_2018	HyMTkQZAb	complete	Accept (Poster)
iclr_2018	HyKZyYlRZ	complete	Reject
iclr_2018	HyIFzx-0b	complete	Reject
iclr_2018	HyI6s40a-	complete	Reject
iclr_2018	HyI5ro0pW	complete	Reject
iclr_2018	HyHmGyZCZ	complete	Reject
iclr_2018	HyH9lbZAW	complete	Accept (Poster)
iclr_2018	HyFaiGbCW	complete	Reject
iclr_2018	HyEi7bWR-	complete	Reject
iclr_2018	HyDu7FgAW	no_decision	None
iclr_2018	HyDMX0l0Z	complete	Invite to Workshop Track
iclr_2018	HyDAQl-AW	no_revision	Reject
iclr_2018	HyBbjW-RW	no_revision	Reject
iclr_2018	Hy8hkYeRb	no_revision	Reject
iclr_2018	Hy7fDog0b	complete	Accept (Oral)
iclr_2018	Hy7EPh10W	no_revision	Reject
iclr_2018	Hy6GHpkCW	complete	Accept (Poster)
iclr_2018	Hy3MvSlRW	complete	Reject
iclr_2018	Hy1d-ebAb	complete	Invite to Workshop Track
iclr_2018	HkxF5RgC-	complete	Accept (Poster)
iclr_2018	HkwrqtlR-	no_revision	Reject
iclr_2018	HkwZSG-CZ	complete	Accept (Oral)
iclr_2018	HkwVAXyCW	complete	Accept (Poster)
iclr_2018	HkwBEMWCZ	complete	Accept (Poster)
iclr_2018	HkuGJ3kCb	complete	Accept (Poster)
iclr_2018	HktXuGb0-	complete	Reject
iclr_2018	HktRlUlAZ	complete	Accept (Poster)
iclr_2018	HktK4BeCZ	complete	Accept (Oral)
iclr_2018	HktJec1RZ	complete	Accept (Poster)
iclr_2018	Hksj2WWAW	complete	Accept (Poster)
iclr_2018	HkpYwMZRb	complete	Invite to Workshop Track
iclr_2018	HkpRBFxRb	complete	Reject
iclr_2018	Hkp3uhxCW	complete	Reject
iclr_2018	Hko85plCW	complete	Accept (Poster)
iclr_2018	HknbyQbC-	complete	Reject
iclr_2018	Hkn7CBaTW	complete	Accept (Poster)
iclr_2018	HkmaTz-0W	complete	Invite to Workshop Track
iclr_2018	HklpCzC6-	no_revision	Reject
iclr_2018	HklZOfW0W	no_revision	Reject
iclr_2018	HkjL6MiTb	complete	Reject
iclr_2018	HkinqfbAb	complete	Reject
iclr_2018	Hki-ZlbA-	no_revision	Reject
iclr_2018	HkgNdt26Z	complete	Accept (Poster)
iclr_2018	Hkfmn5n6W	complete	Invite to Workshop Track
iclr_2018	HkfXMz-Ab	complete	Accept (Oral)
iclr_2018	HkepKG-Rb	complete	Reject
iclr_2018	HkeJVllRW	complete	Reject
iclr_2018	HkcTe-bR-	complete	Invite to Workshop Track
iclr_2018	Hkc-TeZ0W	complete	Accept (Poster)
iclr_2018	HkbmWqxCZ	no_revision	Reject
iclr_2018	Hkbd5xZRb	complete	Accept (Oral)
iclr_2018	HkbJTYyAb	complete	Reject
iclr_2018	HkanP0lRW	no_revision	Reject
iclr_2018	Hk__kGbCW	complete	Reject
iclr_2018	HkZy-bW0-	complete	Accept (Poster)
iclr_2018	HkXWCMbRW	complete	Accept (Poster)
iclr_2018	HkUR_y-RZ	complete	Accept (Poster)
iclr_2018	HkTEFfZRb	complete	Accept (Poster)
iclr_2018	HkPCrEZ0Z	complete	Reject
iclr_2018	HkOhuyA6-	no_revision	Reject
iclr_2018	HkNGsseC-	complete	Accept (Poster)
iclr_2018	HkMvEOlAb	complete	Accept (Poster)
iclr_2018	HkMhoDITb	complete	Reject
iclr_2018	HkMCybx0-	no_revision	Reject
iclr_2018	HkL7n1-0b	complete	Accept (Oral)
iclr_2018	HkJ1rgbCb	no_revision	Reject
iclr_2018	HkGcX--0-	complete	Reject
iclr_2018	HkGJUXb0-	complete	Invite to Workshop Track
iclr_2018	HkCvZXbC-	no_revision	Reject
iclr_2018	HkCsm6lRb	complete	Accept (Poster)
iclr_2018	HkCnm-bAb	complete	Invite to Workshop Track
iclr_2018	HkAClQgA-	complete	Accept (Poster)
iclr_2018	Hk9Xc_lR-	complete	Accept (Poster)
iclr_2018	Hk99zCeAb	complete	Accept (Oral)
iclr_2018	Hk91SGWR-	complete	Invite to Workshop Track
iclr_2018	Hk8XMWgRb	complete	Accept (Poster)
iclr_2018	Hk6kPgZA-	complete	Accept (Oral)
iclr_2018	Hk6WhagRW	complete	Accept (Poster)
iclr_2018	Hk5elxbRW	complete	Accept (Poster)
iclr_2018	Hk3ddfWRW	complete	Accept (Poster)
iclr_2018	Hk2aImxAb	complete	Accept (Oral)
iclr_2018	Hk2MHt-3-	complete	Reject
iclr_2018	Hk0wHx-RW	complete	Accept (Poster)
iclr_2018	Hk-FlMbAZ	complete	Reject
iclr_2018	HJzgZ3JCW	complete	Accept (Poster)
iclr_2018	HJw8fAgA-	no_revision	Reject
iclr_2018	HJvvRoe0W	complete	Accept (Poster)
iclr_2018	HJtEm4p6Z	complete	Accept (Poster)
iclr_2018	HJsk5-Z0W	no_revision	Reject
iclr_2018	HJsjkMb0Z	complete	Accept (Poster)
iclr_2018	HJrJpzZRZ	no_revision	Reject
iclr_2018	HJr4QJ26W	complete	Reject
iclr_2018	HJqUtdOaZ	no_revision	Reject
iclr_2018	HJoYD6gC-	no_decision	None
iclr_2018	HJnQJXbC-	complete	Reject
iclr_2018	HJjvxl-Cb	complete	Invite to Workshop Track
iclr_2018	HJjePwx0-	complete	Reject
iclr_2018	HJhIM0xAW	complete	Accept (Poster)
iclr_2018	HJg1NTGZRZ	complete	Reject
iclr_2018	HJewuJWCZ	complete	Accept (Poster)
iclr_2018	HJdXGy1RW	complete	Reject
iclr_2018	HJcjQTJ0W	no_revision	Reject
iclr_2018	HJcSzz-CZ	complete	Accept (Poster)
iclr_2018	HJaDJZ-0W	complete	Reject
iclr_2018	HJ_aoCyRZ	complete	Accept (Poster)
iclr_2018	HJ_X8GupW	no_revision	Reject
iclr_2018	HJZiRkZC-	no_revision	Reject
iclr_2018	HJYoqzbC-	no_revision	Reject
iclr_2018	HJYQLb-RW	no_revision	Invite to Workshop Track
iclr_2018	HJXyS7bRb	no_revision	Reject
iclr_2018	HJXOfZ-AZ	complete	Reject
iclr_2018	HJWLfGWRb	complete	Accept (Poster)
iclr_2018	HJWGdbbCW	no_revision	Reject
iclr_2018	HJUOHGWRb	complete	Reject
iclr_2018	HJSA_e1AW	complete	Reject
iclr_2018	HJRV1ZZAW	no_revision	Reject
iclr_2018	HJPSN3gRW	complete	Reject
iclr_2018	HJOQ7MgAW	complete	Reject
iclr_2018	HJNMYceCW	complete	Accept (Poster)
iclr_2018	HJNGGmZ0Z	complete	Reject
iclr_2018	HJMN-xWC-	no_revision	Reject
iclr_2018	HJJ23bW0b	complete	Accept (Poster)
iclr_2018	HJJ0w--0W	complete	Reject
iclr_2018	HJIoJWZCZ	complete	Accept (Poster)
iclr_2018	HJIhGXWCZ	complete	Reject
iclr_2018	HJGv1Z-AW	complete	Accept (Oral)
iclr_2018	HJGcNz-0W	complete	Reject
iclr_2018	HJGXzmspb	complete	Accept (Oral)
iclr_2018	HJDV5YxCW	no_revision	Reject
iclr_2018	HJDUjKeA-	no_revision	Reject
iclr_2018	HJCXZQbAZ	complete	Accept (Poster)
iclr_2018	HJC2SzZCW	complete	Accept (Poster)
iclr_2018	HJBhEMbRb	complete	Reject
iclr_2018	HJ94fqApW	complete	Accept (Poster)
iclr_2018	HJ8W1Q-0Z	no_revision	Reject
iclr_2018	HJ5AUm-CZ	complete	Reject
iclr_2018	HJ4YGZ-AW	complete	Reject
iclr_2018	HJ4IhxZAb	complete	Reject
iclr_2018	HJ3d2Ax0-	complete	Invite to Workshop Track
iclr_2018	HJ39YKiTb	complete	Reject
iclr_2018	HJ1HFlZAb	no_revision	Reject
iclr_2018	H1zriGeCZ	complete	Accept (Poster)
iclr_2018	H1xJjlbAZ	complete	Reject
iclr_2018	H1wt9x-RW	complete	Reject
iclr_2018	H1vEXaxA-	complete	Accept (Poster)
iclr_2018	H1vCXOe0b	no_revision	Reject
iclr_2018	H1uR4GZRZ	complete	Accept (Poster)
iclr_2018	H1uP7ebAW	no_revision	Reject
iclr_2018	H1u8fMW0b	complete	Reject
iclr_2018	H1tSsb-AW	complete	Accept (Oral)
iclr_2018	H1srNebAZ	complete	Reject
iclr_2018	H1sUHgb0Z	complete	Accept (Poster)
iclr_2018	H1rRWl-Cb	complete	Reject
iclr_2018	H1q-TM-AW	complete	Accept (Poster)
iclr_2018	H1pri9vTZ	no_revision	Reject
iclr_2018	H1meywxRW	complete	Accept (Poster)
iclr_2018	H1mCp-ZRZ	complete	Accept (Poster)
iclr_2018	H1l8sz-AW	complete	Reject
iclr_2018	H1kMMmb0-	complete	Reject
iclr_2018	H1kG7GZAW	complete	Accept (Poster)
iclr_2018	H1eJxngCW	no_revision	Invite to Workshop Track
iclr_2018	H1dh6Ax0Z	complete	Accept (Poster)
iclr_2018	H1cWzoxA-	complete	Accept (Poster)
iclr_2018	H1cKvl-Rb	complete	Reject
iclr_2018	H1bhRHeA-	complete	Reject
iclr_2018	H1bM1fZCW	complete	Reject
iclr_2018	H1aIuk-RW	complete	Accept (Poster)
iclr_2018	ryzm6BATZ	no_revision	Reject
iclr_2018	ryvxcPeAb	no_revision	Reject
iclr_2018	ryk77mbRZ	no_revision	Reject
iclr_2018	ryj0790hb	no_revision	Reject
iclr_2018	ryacTMZRZ	no_revision	Reject
iclr_2018	ryZElGZ0Z	no_revision	Reject
iclr_2018	ryZERzWCZ	no_revision	Reject
iclr_2018	ryZ3KCy0W	no_revision	Reject
iclr_2018	ryY4RhkCZ	no_revision	Reject
iclr_2018	ryPW2e-A-	no_decision	None
iclr_2018	ryOG3fWCW	no_revision	Reject
iclr_2018	ryH_bShhW	no_revision	Reject
iclr_2018	ryHM_fbA-	no_revision	Reject
iclr_2018	ryBfxWPp-	no_decision	None
iclr_2018	ryA-jdlA-	no_revision	Reject
iclr_2018	ry9yolu6W	no_decision	None
iclr_2018	ry5wc1bCW	no_reviews	Reject
iclr_2018	ry4SNTe0-	no_revision	Reject
iclr_2018	ry0WOxbRZ	no_revision	Reject
iclr_2018	rkvDssyRb	no_revision	Reject
iclr_2018	rkrWCJWAW	no_revision	Reject
iclr_2018	rkhCSO4T-	no_revision	Reject
iclr_2018	rkeZRGbRW	no_revision	Reject
iclr_2018	rkc_hGb0Z	no_revision	Reject
iclr_2018	rkTBjG-AZ	no_revision	Reject
iclr_2018	rkQsMCJCb	no_revision	Reject
iclr_2018	rk8R_JWRW	no_revision	Reject
iclr_2018	rk4Fz2e0b	no_revision	Invite to Workshop Track
iclr_2018	rk3pnae0b	no_revision	Invite to Workshop Track
iclr_2018	rk3mjYRp-	no_revision	Reject
iclr_2018	rk1FQA0pW	no_revision	Reject
iclr_2018	rJv4XWZA-	no_revision	Reject
iclr_2018	rJqfKPJ0Z	no_revision	Reject
iclr_2018	rJoXrxZAZ	no_revision	Reject
iclr_2018	rJfHoM-C-	no_pdf	Reject
iclr_2018	rJbs5gbRW	no_revision	Reject
iclr_2018	rJaE2alRW	no_revision	Reject
iclr_2018	rJa90ceAb	no_revision	Reject
iclr_2018	rJTGkKxAZ	no_revision	Reject
iclr_2018	rJR2ylbRb	no_revision	Reject
iclr_2018	rJHcpW-CW	no_revision	Reject
iclr_2018	rJFOptp6Z	no_revision	Reject
iclr_2018	rJBwoM-Cb	no_revision	Reject
iclr_2018	rJ7RBNe0-	no_revision	Reject
iclr_2018	rJ695PxRW	no_revision	Reject
iclr_2018	rJ3fy0k0Z	no_revision	Reject
iclr_2018	r1nzLmWAb	no_revision	Reject
iclr_2018	r1kjEuHpZ	no_revision	Reject
iclr_2018	r1kj4ACp-	no_revision	Reject
iclr_2018	r1kP7vlRb	no_pdf	Reject
iclr_2018	r1hsJCe0Z	no_revision	Invite to Workshop Track
iclr_2018	r1ayG7WRZ	no_revision	Reject
iclr_2018	r1Zi2Mb0-	no_revision	Reject
iclr_2018	r1RQdCg0W	no_revision	Reject
iclr_2018	r1QZ3zbAZ	no_revision	Reject
iclr_2018	r1Oen--RW	no_revision	Reject
iclr_2018	r1Kr3TyAb	no_revision	Reject
iclr_2018	r1HNP0eCW	no_revision	Reject
iclr_2018	r1DPFCyA-	no_revision	Reject
iclr_2018	r1BRfhiab	no_revision	Reject
iclr_2018	r17lFgZ0Z	no_revision	Reject
iclr_2018	r17Q6WWA-	no_revision	Reject
iclr_2018	r15kjpHa-	no_revision	Reject
iclr_2018	r111KtCp-	no_revision	Reject
iclr_2018	SyxCqGbRZ	no_revision	Reject
iclr_2018	Syx6bz-Ab	no_revision	Reject
iclr_2018	SyvCD-b0W	no_revision	Reject
iclr_2018	SyuWNMZ0W	no_revision	Reject
iclr_2018	Syt0r4bRZ	no_revision	Reject
iclr_2018	SyrYCWWRW	no_decision	None
iclr_2018	Syr8Qc1CW	no_revision	Invite to Workshop Track
iclr_2018	Syl3_2JCZ	no_revision	Reject
iclr_2018	SyhcXjy0Z	no_revision	Reject
iclr_2018	Sy_MK3lAZ	no_revision	Reject
iclr_2018	SyXNErg0W	no_revision	Reject
iclr_2018	SyW4Gjg0W	no_revision	Reject
iclr_2018	SyVVXngRW	no_revision	Reject
iclr_2018	SySpa-Z0Z	no_revision	Reject
iclr_2018	SyGT_6yCZ	no_revision	Reject
iclr_2018	Sy5OAyZC-	no_revision	Reject
iclr_2018	Sy3XxCx0Z	no_revision	Invite to Workshop Track
iclr_2018	SkwAEQbAb	no_revision	Reject
iclr_2018	Sktm4zWRb	no_revision	Reject
iclr_2018	SksY3deAW	no_revision	Reject
iclr_2018	SkrHeXbCW	no_revision	Reject
iclr_2018	SkqV-XZRZ	no_revision	Reject
iclr_2018	SkmM6M_pW	no_revision	Reject
iclr_2018	SkiCjzNTZ	no_revision	Reject
iclr_2018	SkfNU2e0Z	no_revision	Reject
iclr_2018	SkZ-BnyCW	no_revision	Reject
iclr_2018	SkPoRg10b	no_revision	Reject
iclr_2018	SkJd_y-Cb	no_revision	Reject
iclr_2018	SkFEGHx0Z	no_revision	Reject
iclr_2018	SkBYYyZRZ	no_revision	Invite to Workshop Track
iclr_2018	SkAK2jg0b	no_revision	Reject
iclr_2018	Sk7cHb-C-	no_revision	Reject
iclr_2018	Sk0pHeZAW	no_revision	Reject
iclr_2018	Sk03Yi10Z	no_revision	Reject
iclr_2018	SJxE3jlA-	no_revision	Reject
iclr_2018	SJw03ceRW	no_revision	Reject
iclr_2018	SJvrXqvaZ	no_revision	Reject
iclr_2018	SJu63o10b	no_revision	Reject
iclr_2018	SJtfOEn6-	no_revision	Reject
iclr_2018	SJiHOSeR-	no_revision	Reject
iclr_2018	SJdCUMZAW	no_revision	Reject
iclr_2018	SJd0EAy0b	no_revision	Reject
iclr_2018	SJVHY9lCb	no_revision	Reject
iclr_2018	SJTB5GZCb	no_revision	Invite to Workshop Track
iclr_2018	SJQO7UJCW	no_revision	Reject
iclr_2018	SJDYgPgCZ	no_revision	Reject
iclr_2018	SJD8YjCpW	no_revision	Reject
iclr_2018	SJ71VXZAZ	no_revision	Reject
iclr_2018	SJ1fQYlCZ	no_revision	Reject
iclr_2018	S1tWRJ-R-	no_revision	Reject
iclr_2018	S1sRrN-CW	no_revision	Reject
iclr_2018	S1p31z-Ab	no_revision	Accept (Poster)
iclr_2018	S1m6h21Cb	no_revision	Reject
iclr_2018	S1lN69AT-	no_revision	Invite to Workshop Track
iclr_2018	S1XXq6lRW	no_revision	Reject
iclr_2018	S1Q79heRW	no_revision	Reject
iclr_2018	S1FQEfZA-	no_revision	Reject
iclr_2018	S1FFLWWCZ	no_revision	Reject
iclr_2018	S1EwLkW0W	no_revision	Reject
iclr_2018	S1Auv-WRZ	no_revision	Invite to Workshop Track
iclr_2018	S17mtzbRb	no_revision	Reject
iclr_2018	S1347ot3b	no_revision	Reject
iclr_2018	HyowcvgAZ	no_decision	None
iclr_2018	Hymt27b0Z	no_revision	Reject
iclr_2018	Hyig0zb0Z	no_revision	Reject
iclr_2018	HydnA1WCb	no_revision	Reject
iclr_2018	Hy_o3x-0b	no_revision	Reject
iclr_2018	HyY0Ff-AZ	no_revision	Reject
iclr_2018	HyTrSegCb	no_revision	Reject
iclr_2018	HyNyyCxA-	no_decision	None
iclr_2018	HyDu7FgAW	no_decision	None
iclr_2018	HyDAQl-AW	no_revision	Reject
iclr_2018	HyBbjW-RW	no_revision	Reject
iclr_2018	Hy8hkYeRb	no_revision	Reject
iclr_2018	Hy7EPh10W	no_revision	Reject
iclr_2018	HkwrqtlR-	no_revision	Reject
iclr_2018	HklpCzC6-	no_revision	Reject
iclr_2018	HklZOfW0W	no_revision	Reject
iclr_2018	Hki-ZlbA-	no_revision	Reject
iclr_2018	HkbmWqxCZ	no_revision	Reject
iclr_2018	HkanP0lRW	no_revision	Reject
iclr_2018	HkOhuyA6-	no_revision	Reject
iclr_2018	HkMCybx0-	no_revision	Reject
iclr_2018	HkJ1rgbCb	no_revision	Reject
iclr_2018	HkCvZXbC-	no_revision	Reject
iclr_2018	HJw8fAgA-	no_revision	Reject
iclr_2018	HJsk5-Z0W	no_revision	Reject
iclr_2018	HJrJpzZRZ	no_revision	Reject
iclr_2018	HJqUtdOaZ	no_revision	Reject
iclr_2018	HJoYD6gC-	no_decision	None
iclr_2018	HJcjQTJ0W	no_revision	Reject
iclr_2018	HJ_X8GupW	no_revision	Reject
iclr_2018	HJZiRkZC-	no_revision	Reject
iclr_2018	HJYoqzbC-	no_revision	Reject
iclr_2018	HJYQLb-RW	no_revision	Invite to Workshop Track
iclr_2018	HJXyS7bRb	no_revision	Reject
iclr_2018	HJWGdbbCW	no_revision	Reject
iclr_2018	HJRV1ZZAW	no_revision	Reject
iclr_2018	HJMN-xWC-	no_revision	Reject
iclr_2018	HJDV5YxCW	no_revision	Reject
iclr_2018	HJDUjKeA-	no_revision	Reject
iclr_2018	HJ8W1Q-0Z	no_revision	Reject
iclr_2018	HJ1HFlZAb	no_revision	Reject
iclr_2018	H1vCXOe0b	no_revision	Reject
iclr_2018	H1uP7ebAW	no_revision	Reject
iclr_2018	H1pri9vTZ	no_revision	Reject
iclr_2018	H1eJxngCW	no_revision	Invite to Workshop Track
iclr_2018	H1Y8hhg0b	complete	Accept (Poster)
iclr_2018	H1Xw62kRZ	complete	Accept (Poster)
iclr_2018	H1Ww66x0-	no_revision	Reject
iclr_2018	H1WgVz-AZ	complete	Accept (Poster)
iclr_2018	H1VjBebR-	complete	Accept (Poster)
iclr_2018	H1VGkIxRZ	complete	Accept (Poster)
iclr_2018	H1U_af-0-	complete	Reject
iclr_2018	H1UOm4gA-	complete	Accept (Poster)
iclr_2018	H1T2hmZAb	complete	Accept (Poster)
iclr_2018	H1OQukZ0-	no_revision	Reject
iclr_2018	H1O0KGC6b	no_revision	Reject
iclr_2018	H1Nyf7W0Z	no_revision	Reject
iclr_2018	H1NV4agCb	no_revision	Reject
iclr_2018	H1MczcgR-	complete	Accept (Poster)
iclr_2018	H1LAqMbRW	complete	Reject
iclr_2018	H1K6Tb-AZ	complete	Reject
iclr_2018	H1I3M7Z0b	complete	Invite to Workshop Track
iclr_2018	H1Dy---0Z	complete	Accept (Poster)
iclr_2018	H1DkN7ZCZ	complete	Invite to Workshop Track
iclr_2018	H1DJFybC-	complete	Reject
iclr_2018	H1DGha1CZ	no_revision	Reject
iclr_2018	H1BO9M-0Z	complete	Reject
iclr_2018	H1BLjgZCb	complete	Accept (Poster)
iclr_2018	H1BHbmWCZ	no_revision	Reject
iclr_2018	H1A5ztj3b	complete	Reject
iclr_2018	H196sainb	complete	Accept (Poster)
iclr_2018	H18uzzWAZ	complete	Reject
iclr_2018	H18WqugAb	no_revision	Invite to Workshop Track
iclr_2018	H15odZ-C-	complete	Accept (Poster)
iclr_2018	H15RufWAW	complete	Reject
iclr_2018	H13WofbAb	no_revision	Reject
iclr_2018	H139Q_gAW	complete	Reject
iclr_2018	H135uzZ0-	complete	Accept (Poster)
iclr_2018	H11lAfbCW	no_revision	Reject
iclr_2018	H113pWZRb	complete	Reject
iclr_2018	H1-oTz-Cb	no_revision	Reject
iclr_2018	H1-nGgWC-	complete	Accept (Poster)
iclr_2018	ByzvHagA-	no_revision	Reject
iclr_2018	ByxLBMZCb	complete	Invite to Workshop Track
iclr_2018	BywyFQlAW	complete	Accept (Poster)
iclr_2018	ByuP8yZRb	complete	Reject
iclr_2018	ByuI-mW0W	complete	Reject
iclr_2018	Byt3oJ-0W	complete	Accept (Poster)
iclr_2018	Bys_NzbC-	complete	Reject
iclr_2018	Bys4ob-Rb	complete	Accept (Poster)
iclr_2018	ByrZyglCb	complete	Accept (Poster)
iclr_2018	ByquB-WC-	complete	Reject
iclr_2018	ByqFhGZCW	complete	Reject
iclr_2018	Bym0cU1CZ	complete	Reject
iclr_2018	Byk4My-RZ	complete	Reject
iclr_2018	Byj54-bAW	no_revision	Reject
iclr_2018	ByhthReRb	complete	Reject
iclr_2018	Byht0GbRZ	no_revision	Reject
iclr_2018	BygpQlbA-	complete	Invite to Workshop Track
iclr_2018	ByeqORgAW	complete	Accept (Poster)
iclr_2018	BydjJte0-	complete	Accept (Poster)
iclr_2018	BydLzGb0Z	complete	Accept (Poster)
iclr_2018	Byd-EfWCb	complete	Invite to Workshop Track
iclr_2018	BybQ7zWCb	complete	Reject
iclr_2018	ByaQIGg0-	no_revision	Invite to Workshop Track
iclr_2018	Bya8fGWAZ	complete	Invite to Workshop Track
iclr_2018	ByZmGjkA-	complete	Reject
iclr_2018	ByYPLJA6W	complete	Reject
iclr_2018	ByW5yxgA-	complete	Reject
iclr_2018	ByUEelW0-	no_revision	Reject
iclr_2018	BySRH6CpW	complete	Accept (Poster)
iclr_2018	ByS1VpgRZ	complete	Accept (Poster)
iclr_2018	ByRWCqvT-	complete	Accept (Poster)
iclr_2018	ByQpn1ZA-	complete	Accept (Poster)
iclr_2018	ByQZjx-0-	complete	Invite to Workshop Track
iclr_2018	ByOoMSgRW	no_decision	None
iclr_2018	ByOnmlWC-	complete	Accept (Poster)
iclr_2018	ByOfBggRZ	complete	Accept (Poster)
iclr_2018	ByOExmWAb	complete	Accept (Poster)
iclr_2018	ByL48G-AW	no_revision	Reject
iclr_2018	ByKWUeWA-	complete	Accept (Poster)
iclr_2018	ByJbJwxCW	complete	Reject
iclr_2018	ByJWeR1AW	complete	Reject
iclr_2018	ByJIWUnpW	complete	Accept (Poster)
iclr_2018	ByJHuTgA-	complete	Accept (Poster)
iclr_2018	ByJDAIe0b	complete	Reject
iclr_2018	ByJ7obb0b	no_revision	Reject
iclr_2018	ByED-X-0W	complete	Reject
iclr_2018	ByCPHrgCW	complete	Reject
iclr_2018	ByBAl2eAZ	complete	Accept (Poster)
iclr_2018	By9iRkWA-	no_revision	Reject
iclr_2018	By5ugjyCb	complete	Reject
iclr_2018	By5SY2gA-	complete	Reject
iclr_2018	By4HsfWAZ	complete	Accept (Poster)
iclr_2018	By3v9k-RZ	no_revision	Invite to Workshop Track
iclr_2018	By3VrbbAb	complete	Reject
iclr_2018	By0ANxbRW	no_revision	Reject
iclr_2018	By-IifZRW	no_revision	Reject
iclr_2018	By-7dz-AZ	complete	Accept (Poster)
iclr_2018	BkwHObbRZ	complete	Accept (Poster)
iclr_2018	BkrsAzWAb	complete	Accept (Poster)
iclr_2018	BkrSv0lA-	complete	Accept (Poster)
iclr_2018	BkpiPMbA-	complete	Accept (Poster)
iclr_2018	BkpXqwUTZ	no_revision	Reject
iclr_2018	BkoXnkWAb	complete	Invite to Workshop Track
iclr_2018	BkoCeqgR-	no_revision	Reject
iclr_2018	Bkl1uWb0Z	complete	Reject
iclr_2018	BkisuzWRW	complete	Accept (Oral)
iclr_2018	BkiIkBJ0b	no_revision	Reject
iclr_2018	Bki4EfWCb	complete	Invite to Workshop Track
iclr_2018	Bki1Ct1AW	complete	Reject
iclr_2018	BkfEzz-0-	complete	Invite to Workshop Track
iclr_2018	BkeqO7x0-	complete	Accept (Poster)
iclr_2018	BkeC_J-R-	complete	Reject
iclr_2018	BkabRiQpb	complete	Accept (Poster)
iclr_2018	Bk_fs6gA-	no_revision	Reject
iclr_2018	BkXmYfbAZ	complete	Accept (Poster)
iclr_2018	BkVsWbbAW	complete	Reject
iclr_2018	BkVf1AeAZ	no_revision	Reject
iclr_2018	BkUp6GZRW	complete	Accept (Poster)
iclr_2018	BkUHlMZ0b	complete	Accept (Poster)
iclr_2018	BkUDW_lCb	no_revision	Reject
iclr_2018	BkSDMA36Z	complete	Accept (Poster)
iclr_2018	BkS3fnl0W	complete	Reject
iclr_2018	BkQqq0gRb	complete	Accept (Poster)
iclr_2018	BkQCGzZ0-	no_revision	Reject
iclr_2018	BkPrDFgR-	complete	Reject
iclr_2018	BkN_r2lR-	complete	Accept (Poster)
iclr_2018	BkM3ibZRW	no_revision	Invite to Workshop Track
iclr_2018	BkM27IxR-	no_revision	Reject
iclr_2018	BkLhaGZRW	complete	Accept (Poster)
iclr_2018	BkJ3ibb0-	complete	Accept (Poster)
iclr_2018	BkIkkseAZ	complete	Reject
iclr_2018	BkDB51WR-	complete	Reject
iclr_2018	BkCV_W-AZ	complete	Invite to Workshop Track
iclr_2018	BkA7gfZAb	complete	Invite to Workshop Track
iclr_2018	Bk9zbyZCZ	complete	Accept (Poster)
iclr_2018	Bk8ZcAxR-	complete	Accept (Poster)
iclr_2018	Bk7wvW-C-	complete	Reject
iclr_2018	Bk6qQGWRb	complete	Reject
iclr_2018	Bk346Ok0W	no_revision	Reject
iclr_2018	Bk-ofQZRb	no_revision	Reject
iclr_2018	BJypUGZ0Z	complete	Invite to Workshop Track
iclr_2018	BJy0fcgRZ	complete	Invite to Workshop Track
iclr_2018	BJvWjcgAZ	complete	Reject
iclr_2018	BJvVbCJCb	complete	Reject
iclr_2018	BJubPWZRW	complete	Invite to Workshop Track
iclr_2018	BJuWrGW0Z	complete	Accept (Poster)
iclr_2018	BJluxbWC-	no_revision	Reject
iclr_2018	BJlrSmbAZ	complete	Reject
iclr_2018	BJk7Gf-CZ	complete	Accept (Poster)
iclr_2018	BJk59JZ0b	complete	Accept (Poster)
iclr_2018	BJjquybCW	complete	Invite to Workshop Track
iclr_2018	BJjBnN9a-	complete	Reject
iclr_2018	BJj6qGbRW	complete	Accept (Poster)
iclr_2018	BJij4yg0Z	complete	Accept (Poster)
iclr_2018	BJhxcGZCW	no_revision	Reject
iclr_2018	BJgd7m0xRZ	complete	Reject
iclr_2018	BJgVaG-Ab	complete	Reject
iclr_2018	BJgPCveAW	complete	Reject
iclr_2018	BJehNfW0-	complete	Accept (Poster)
iclr_2018	BJcAWaeCW	no_revision	Reject
iclr_2018	BJaU__eCZ	complete	Reject
iclr_2018	BJ_wN01C-	complete	Accept (Poster)
iclr_2018	BJ_UL-k0b	complete	Accept (Poster)
iclr_2018	BJ_QxP1AZ	complete	Reject
iclr_2018	BJRxfZbAW	no_revision	Reject
iclr_2018	BJRZzFlRb	complete	Accept (Poster)
iclr_2018	BJQRKzbA-	complete	Accept (Poster)
iclr_2018	BJQPG5lR-	complete	Reject
iclr_2018	BJOFETxR-	complete	Accept (Oral)
iclr_2018	BJNRFNlRW	complete	Accept (Poster)
iclr_2018	BJMuY-gRW	no_revision	Reject
iclr_2018	BJLmN8xRW	complete	Reject
iclr_2018	BJJLHbb0-	complete	Accept (Poster)
iclr_2018	BJJ9bz-0-	complete	Invite to Workshop Track
iclr_2018	BJInMmWC-	no_revision	Reject
iclr_2018	BJInEZsTb	complete	Invite to Workshop Track
iclr_2018	BJIgi_eCZ	complete	Accept (Poster)
iclr_2018	BJGWO9k0Z	complete	Accept (Poster)
iclr_2018	BJE-4xW0W	complete	Accept (Poster)
iclr_2018	BJDH5M-AW	complete	Reject
iclr_2018	BJDEbngCZ	no_revision	Reject
iclr_2018	BJB7fkWR-	no_revision	Reject
iclr_2018	BJ8vJebC-	complete	Accept (Oral)
iclr_2018	BJ8c3f-0b	complete	Accept (Poster)
iclr_2018	BJ7d0fW0b	no_revision	Reject
iclr_2018	BJ78bJZCZ	no_revision	Reject
iclr_2018	BJ6anzb0Z	complete	Reject
iclr_2018	BJ4prNx0W	complete	Reject
iclr_2018	BJ0hF1Z0b	complete	Accept (Poster)
iclr_2018	B1zlp1bRW	complete	Accept (Poster)
iclr_2018	B1ydPgTpW	complete	Reject
iclr_2018	B1uvH_gC-	no_revision	Reject
iclr_2018	B1twdMCab	no_revision	Reject
iclr_2018	B1tExikAW	no_revision	Reject
iclr_2018	B1tC-LT6W	complete	Reject
iclr_2018	B1suU-bAW	no_revision	Reject
iclr_2018	B1spAqUp-	no_revision	Reject
iclr_2018	B1p461b0W	no_revision	Reject
iclr_2018	B1oOAeb0b	no_decision	None
iclr_2018	B1nxTzbRZ	complete	Reject
iclr_2018	B1nZ1weCZ	complete	Accept (Poster)
iclr_2018	B1nLkl-0Z	complete	Reject
iclr_2018	B1n8LexRZ	complete	Accept (Poster)
iclr_2018	B1mvVm-C-	complete	Accept (Poster)
iclr_2018	B1mSWUxR-	complete	Reject
iclr_2018	B1mAkPxCZ	no_revision	Reject
iclr_2018	B1lMMx1CW	complete	Invite to Workshop Track
iclr_2018	B1l8BtlCb	complete	Accept (Poster)
iclr_2018	B1kIr-WRb	complete	Reject
iclr_2018	B1jscMbAW	complete	Accept (Poster)
iclr_2018	B1i7ezW0-	complete	Reject
iclr_2018	B1hcZZ-AW	complete	Accept (Poster)
iclr_2018	B1hYRMbCW	complete	Accept (Poster)
iclr_2018	B1gJ1L2aW	complete	Accept (Oral)
iclr_2018	B1e5ef-C-	complete	Accept (Poster)
iclr_2018	B1bgpzZAZ	no_revision	Reject
iclr_2018	B1al7jg0b	complete	Accept (Poster)
iclr_2018	B1ae1lZRb	complete	Accept (Poster)
iclr_2018	B1ZvaaeAZ	complete	Accept (Poster)
iclr_2018	B1ZZTfZAW	complete	Reject
iclr_2018	B1Z3W-b0W	complete	Invite to Workshop Track
iclr_2018	B1Yy1BxCZ	complete	Accept (Poster)
iclr_2018	B1X4DWWRb	complete	Reject
iclr_2018	B1X0mzZCW	complete	Accept (Poster)
iclr_2018	B1QgVti6Z	complete	Accept (Poster)
iclr_2018	B1QRgziT-	complete	Accept (Oral)
iclr_2018	B1O3OgbRW	no_decision	None
iclr_2018	B1NOXfWR-	complete	Reject
iclr_2018	B1NGT8xCZ	complete	Reject
iclr_2018	B1Lc-Gb0Z	complete	Accept (Poster)
iclr_2018	B1KJJf-R-	no_revision	Invite to Workshop Track
iclr_2018	B1KFAGWAZ	complete	Reject
iclr_2018	B1J_rgWRW	complete	Accept (Poster)
iclr_2018	B1IDRdeCW	complete	Accept (Poster)
iclr_2018	B1Gi6LeRZ	complete	Accept (Poster)
iclr_2018	B1EVwkqTW	complete	Reject
iclr_2018	B1EPYJ-C-	no_revision	Reject
iclr_2018	B1EGg7ZCb	no_revision	Reject
iclr_2018	B1EA-M-0Z	complete	Accept (Poster)
iclr_2018	B1DmUzWAW	complete	Accept (Poster)
iclr_2018	B1D6ty-A-	complete	Reject
iclr_2018	B1CQGfZ0b	no_revision	Reject
iclr_2018	B1CNpYg0-	complete	Reject
iclr_2018	B1CEaMbR-	no_revision	Reject
iclr_2018	B18WgG-CZ	complete	Accept (Poster)
iclr_2018	B17JTOe0-	complete	Accept (Poster)
iclr_2018	B16yEqkCZ	complete	Reject
iclr_2018	B16_iGWCW	no_revision	Reject
iclr_2018	B14uJzW0b	complete	Invite to Workshop Track
iclr_2018	B14TlG-RW	complete	Accept (Poster)
iclr_2018	B13njo1R-	complete	Accept (Poster)
iclr_2018	B13EC5u6W	complete	Reject
iclr_2018	B12QlQWRW	no_decision	None
iclr_2018	B12Js_yRb	complete	Accept (Poster)
iclr_2018	ryzm6BATZ	no_revision	Reject
iclr_2018	ryvxcPeAb	no_revision	Reject
iclr_2018	ryk77mbRZ	no_revision	Reject
iclr_2018	ryj0790hb	no_revision	Reject
iclr_2018	ryacTMZRZ	no_revision	Reject
iclr_2018	ryZElGZ0Z	no_revision	Reject
iclr_2018	ryZERzWCZ	no_revision	Reject
iclr_2018	ryZ3KCy0W	no_revision	Reject
iclr_2018	ryY4RhkCZ	no_revision	Reject
iclr_2018	ryPW2e-A-	no_decision	None
iclr_2018	ryOG3fWCW	no_revision	Reject
iclr_2018	ryH_bShhW	no_revision	Reject
iclr_2018	ryHM_fbA-	no_revision	Reject
iclr_2018	ryBfxWPp-	no_decision	None
iclr_2018	ryA-jdlA-	no_revision	Reject
iclr_2018	ry9yolu6W	no_decision	None
iclr_2018	ry5wc1bCW	no_reviews	Reject
iclr_2018	ry4SNTe0-	no_revision	Reject
iclr_2018	ry0WOxbRZ	no_revision	Reject
iclr_2018	rkvDssyRb	no_revision	Reject
iclr_2018	rkrWCJWAW	no_revision	Reject
iclr_2018	rkhCSO4T-	no_revision	Reject
iclr_2018	rkeZRGbRW	no_revision	Reject
iclr_2018	rkc_hGb0Z	no_revision	Reject
iclr_2018	rkTBjG-AZ	no_revision	Reject
iclr_2018	rkQsMCJCb	no_revision	Reject
iclr_2018	rk8R_JWRW	no_revision	Reject
iclr_2018	rk4Fz2e0b	no_revision	Invite to Workshop Track
iclr_2018	rk3pnae0b	no_revision	Invite to Workshop Track
iclr_2018	rk3mjYRp-	no_revision	Reject
iclr_2018	rk1FQA0pW	no_revision	Reject
iclr_2018	rJv4XWZA-	no_revision	Reject
iclr_2018	rJqfKPJ0Z	no_revision	Reject
iclr_2018	rJoXrxZAZ	no_revision	Reject
iclr_2018	rJfHoM-C-	no_pdf	Reject
iclr_2018	rJbs5gbRW	no_revision	Reject
iclr_2018	rJaE2alRW	no_revision	Reject
iclr_2018	rJa90ceAb	no_revision	Reject
iclr_2018	rJTGkKxAZ	no_revision	Reject
iclr_2018	rJR2ylbRb	no_revision	Reject
iclr_2018	rJHcpW-CW	no_revision	Reject
iclr_2018	rJFOptp6Z	no_revision	Reject
iclr_2018	rJBwoM-Cb	no_revision	Reject
iclr_2018	rJ7RBNe0-	no_revision	Reject
iclr_2018	rJ695PxRW	no_revision	Reject
iclr_2018	rJ3fy0k0Z	no_revision	Reject
iclr_2018	r1nzLmWAb	no_revision	Reject
iclr_2018	r1kjEuHpZ	no_revision	Reject
iclr_2018	r1kj4ACp-	no_revision	Reject
iclr_2018	r1kP7vlRb	no_pdf	Reject
iclr_2018	r1hsJCe0Z	no_revision	Invite to Workshop Track
iclr_2018	r1ayG7WRZ	no_revision	Reject
iclr_2018	r1Zi2Mb0-	no_revision	Reject
iclr_2018	r1RQdCg0W	no_revision	Reject
iclr_2018	r1QZ3zbAZ	no_revision	Reject
iclr_2018	r1Oen--RW	no_revision	Reject
iclr_2018	r1Kr3TyAb	no_revision	Reject
iclr_2018	r1HNP0eCW	no_revision	Reject
iclr_2018	r1DPFCyA-	no_revision	Reject
iclr_2018	r1BRfhiab	no_revision	Reject
iclr_2018	r17lFgZ0Z	no_revision	Reject
iclr_2018	r17Q6WWA-	no_revision	Reject
iclr_2018	r15kjpHa-	no_revision	Reject
iclr_2018	r111KtCp-	no_revision	Reject
iclr_2018	SyxCqGbRZ	no_revision	Reject
iclr_2018	Syx6bz-Ab	no_revision	Reject
iclr_2018	SyvCD-b0W	no_revision	Reject
iclr_2018	SyuWNMZ0W	no_revision	Reject
iclr_2018	Syt0r4bRZ	no_revision	Reject
iclr_2018	SyrYCWWRW	no_decision	None
iclr_2018	Syr8Qc1CW	no_revision	Invite to Workshop Track
iclr_2018	Syl3_2JCZ	no_revision	Reject
iclr_2018	SyhcXjy0Z	no_revision	Reject
iclr_2018	Sy_MK3lAZ	no_revision	Reject
iclr_2018	SyXNErg0W	no_revision	Reject
iclr_2018	SyW4Gjg0W	no_revision	Reject
iclr_2018	SyVVXngRW	no_revision	Reject
iclr_2018	SySpa-Z0Z	no_revision	Reject
iclr_2018	SyGT_6yCZ	no_revision	Reject
iclr_2018	Sy5OAyZC-	no_revision	Reject
iclr_2018	Sy3XxCx0Z	no_revision	Invite to Workshop Track
iclr_2018	SkwAEQbAb	no_revision	Reject
iclr_2018	Sktm4zWRb	no_revision	Reject
iclr_2018	SksY3deAW	no_revision	Reject
iclr_2018	SkrHeXbCW	no_revision	Reject
iclr_2018	SkqV-XZRZ	no_revision	Reject
iclr_2018	SkmM6M_pW	no_revision	Reject
iclr_2018	SkiCjzNTZ	no_revision	Reject
iclr_2018	SkfNU2e0Z	no_revision	Reject
iclr_2018	SkZ-BnyCW	no_revision	Reject
iclr_2018	SkPoRg10b	no_revision	Reject
iclr_2018	SkJd_y-Cb	no_revision	Reject
iclr_2018	SkFEGHx0Z	no_revision	Reject
iclr_2018	SkBYYyZRZ	no_revision	Invite to Workshop Track
iclr_2018	SkAK2jg0b	no_revision	Reject
iclr_2018	Sk7cHb-C-	no_revision	Reject
iclr_2018	Sk0pHeZAW	no_revision	Reject
iclr_2018	Sk03Yi10Z	no_revision	Reject
iclr_2018	SJxE3jlA-	no_revision	Reject
iclr_2018	SJw03ceRW	no_revision	Reject
iclr_2018	SJvrXqvaZ	no_revision	Reject
iclr_2018	SJu63o10b	no_revision	Reject
iclr_2018	SJtfOEn6-	no_revision	Reject
iclr_2018	SJiHOSeR-	no_revision	Reject
iclr_2018	SJdCUMZAW	no_revision	Reject
iclr_2018	SJd0EAy0b	no_revision	Reject
iclr_2018	SJVHY9lCb	no_revision	Reject
iclr_2018	SJTB5GZCb	no_revision	Invite to Workshop Track
iclr_2018	SJQO7UJCW	no_revision	Reject
iclr_2018	SJDYgPgCZ	no_revision	Reject
iclr_2018	SJD8YjCpW	no_revision	Reject
iclr_2018	SJ71VXZAZ	no_revision	Reject
iclr_2018	SJ1fQYlCZ	no_revision	Reject
iclr_2018	S1tWRJ-R-	no_revision	Reject
iclr_2018	S1sRrN-CW	no_revision	Reject
iclr_2018	S1p31z-Ab	no_revision	Accept (Poster)
iclr_2018	S1m6h21Cb	no_revision	Reject
iclr_2018	S1lN69AT-	no_revision	Invite to Workshop Track
iclr_2018	S1XXq6lRW	no_revision	Reject
iclr_2018	S1Q79heRW	no_revision	Reject
iclr_2018	S1FQEfZA-	no_revision	Reject
iclr_2018	S1FFLWWCZ	no_revision	Reject
iclr_2018	S1EwLkW0W	no_revision	Reject
iclr_2018	S1Auv-WRZ	no_revision	Invite to Workshop Track
iclr_2018	S17mtzbRb	no_revision	Reject
iclr_2018	S1347ot3b	no_revision	Reject
iclr_2018	HyowcvgAZ	no_decision	None
iclr_2018	Hymt27b0Z	no_revision	Reject
iclr_2018	Hyig0zb0Z	no_revision	Reject
iclr_2018	HydnA1WCb	no_revision	Reject
iclr_2018	Hy_o3x-0b	no_revision	Reject
iclr_2018	HyY0Ff-AZ	no_revision	Reject
iclr_2018	HyTrSegCb	no_revision	Reject
iclr_2018	HyNyyCxA-	no_decision	None
iclr_2018	HyDu7FgAW	no_decision	None
iclr_2018	HyDAQl-AW	no_revision	Reject
iclr_2018	HyBbjW-RW	no_revision	Reject
iclr_2018	Hy8hkYeRb	no_revision	Reject
iclr_2018	Hy7EPh10W	no_revision	Reject
iclr_2018	HkwrqtlR-	no_revision	Reject
iclr_2018	HklpCzC6-	no_revision	Reject
iclr_2018	HklZOfW0W	no_revision	Reject
iclr_2018	Hki-ZlbA-	no_revision	Reject
iclr_2018	HkbmWqxCZ	no_revision	Reject
iclr_2018	HkanP0lRW	no_revision	Reject
iclr_2018	HkOhuyA6-	no_revision	Reject
iclr_2018	HkMCybx0-	no_revision	Reject
iclr_2018	HkJ1rgbCb	no_revision	Reject
iclr_2018	HkCvZXbC-	no_revision	Reject
iclr_2018	HJw8fAgA-	no_revision	Reject
iclr_2018	HJsk5-Z0W	no_revision	Reject
iclr_2018	HJrJpzZRZ	no_revision	Reject
iclr_2018	HJqUtdOaZ	no_revision	Reject
iclr_2018	HJoYD6gC-	no_decision	None
iclr_2018	HJcjQTJ0W	no_revision	Reject
iclr_2018	HJ_X8GupW	no_revision	Reject
iclr_2018	HJZiRkZC-	no_revision	Reject
iclr_2018	HJYoqzbC-	no_revision	Reject
iclr_2018	HJYQLb-RW	no_revision	Invite to Workshop Track
iclr_2018	HJXyS7bRb	no_revision	Reject
iclr_2018	HJWGdbbCW	no_revision	Reject
iclr_2018	HJRV1ZZAW	no_revision	Reject
iclr_2018	HJMN-xWC-	no_revision	Reject
iclr_2018	HJDV5YxCW	no_revision	Reject
iclr_2018	HJDUjKeA-	no_revision	Reject
iclr_2018	HJ8W1Q-0Z	no_revision	Reject
iclr_2018	HJ1HFlZAb	no_revision	Reject
iclr_2018	H1vCXOe0b	no_revision	Reject
iclr_2018	H1uP7ebAW	no_revision	Reject
iclr_2018	H1pri9vTZ	no_revision	Reject
iclr_2018	H1eJxngCW	no_revision	Invite to Workshop Track
iclr_2018	H1Ww66x0-	no_revision	Reject
iclr_2018	H1OQukZ0-	no_revision	Reject
iclr_2018	H1O0KGC6b	no_revision	Reject
iclr_2018	H1Nyf7W0Z	no_revision	Reject
iclr_2018	H1NV4agCb	no_revision	Reject
iclr_2018	H1DGha1CZ	no_revision	Reject
iclr_2018	H1BHbmWCZ	no_revision	Reject
iclr_2018	H18WqugAb	no_revision	Invite to Workshop Track
iclr_2018	H13WofbAb	no_revision	Reject
iclr_2018	H11lAfbCW	no_revision	Reject
iclr_2018	H1-oTz-Cb	no_revision	Reject
iclr_2018	ByzvHagA-	no_revision	Reject
iclr_2018	Byj54-bAW	no_revision	Reject
iclr_2018	Byht0GbRZ	no_revision	Reject
iclr_2018	ByaQIGg0-	no_revision	Invite to Workshop Track
iclr_2018	ByUEelW0-	no_revision	Reject
iclr_2018	ByOoMSgRW	no_decision	None
iclr_2018	ByL48G-AW	no_revision	Reject
iclr_2018	ByJ7obb0b	no_revision	Reject
iclr_2018	By9iRkWA-	no_revision	Reject
iclr_2018	By3v9k-RZ	no_revision	Invite to Workshop Track
iclr_2018	By0ANxbRW	no_revision	Reject
iclr_2018	By-IifZRW	no_revision	Reject
iclr_2018	BkpXqwUTZ	no_revision	Reject
iclr_2018	BkoCeqgR-	no_revision	Reject
iclr_2018	BkiIkBJ0b	no_revision	Reject
iclr_2018	Bk_fs6gA-	no_revision	Reject
iclr_2018	BkVf1AeAZ	no_revision	Reject
iclr_2018	BkUDW_lCb	no_revision	Reject
iclr_2018	BkQCGzZ0-	no_revision	Reject
iclr_2018	BkM3ibZRW	no_revision	Invite to Workshop Track
iclr_2018	BkM27IxR-	no_revision	Reject
iclr_2018	Bk346Ok0W	no_revision	Reject
iclr_2018	Bk-ofQZRb	no_revision	Reject
iclr_2018	BJluxbWC-	no_revision	Reject
iclr_2018	BJhxcGZCW	no_revision	Reject
iclr_2018	BJcAWaeCW	no_revision	Reject
iclr_2018	BJRxfZbAW	no_revision	Reject
iclr_2018	BJMuY-gRW	no_revision	Reject
iclr_2018	BJInMmWC-	no_revision	Reject
iclr_2018	BJDEbngCZ	no_revision	Reject
iclr_2018	BJB7fkWR-	no_revision	Reject
iclr_2018	BJ7d0fW0b	no_revision	Reject
iclr_2018	BJ78bJZCZ	no_revision	Reject
iclr_2018	B1uvH_gC-	no_revision	Reject
iclr_2018	B1twdMCab	no_revision	Reject
iclr_2018	B1tExikAW	no_revision	Reject
iclr_2018	B1suU-bAW	no_revision	Reject
iclr_2018	B1spAqUp-	no_revision	Reject
iclr_2018	B1p461b0W	no_revision	Reject
iclr_2018	B1oOAeb0b	no_decision	None
iclr_2018	B1mAkPxCZ	no_revision	Reject
iclr_2018	B1bgpzZAZ	no_revision	Reject
iclr_2018	B1O3OgbRW	no_decision	None
iclr_2018	B1KJJf-R-	no_revision	Invite to Workshop Track
iclr_2018	B1EPYJ-C-	no_revision	Reject
iclr_2018	B1EGg7ZCb	no_revision	Reject
iclr_2018	B1CQGfZ0b	no_revision	Reject
iclr_2018	B1CEaMbR-	no_revision	Reject
iclr_2018	B16_iGWCW	no_revision	Reject
iclr_2018	B12QlQWRW	no_decision	None
iclr_2018	ryzm6BATZ	no_revision	Reject
iclr_2018	ryvxcPeAb	no_revision	Reject
iclr_2018	ryk77mbRZ	no_revision	Reject
iclr_2018	ryj0790hb	no_revision	Reject
iclr_2018	ryacTMZRZ	no_revision	Reject
iclr_2018	ryZElGZ0Z	no_revision	Reject
iclr_2018	ryZERzWCZ	no_revision	Reject
iclr_2018	ryZ3KCy0W	no_revision	Reject
iclr_2018	ryY4RhkCZ	no_revision	Reject
iclr_2018	ryPW2e-A-	no_decision	None
iclr_2018	ryOG3fWCW	no_revision	Reject
iclr_2018	ryH_bShhW	no_revision	Reject
iclr_2018	ryHM_fbA-	no_revision	Reject
iclr_2018	ryBfxWPp-	no_decision	None
iclr_2018	ryA-jdlA-	no_revision	Reject
iclr_2018	ry9yolu6W	no_decision	None
iclr_2018	ry5wc1bCW	no_reviews	Reject
iclr_2018	ry4SNTe0-	no_revision	Reject
iclr_2018	ry0WOxbRZ	no_revision	Reject
iclr_2018	rkvDssyRb	no_revision	Reject
iclr_2018	rkrWCJWAW	no_revision	Reject
iclr_2018	rkhCSO4T-	no_revision	Reject
iclr_2018	rkeZRGbRW	no_revision	Reject
iclr_2018	rkc_hGb0Z	no_revision	Reject
iclr_2018	rkTBjG-AZ	no_revision	Reject
iclr_2018	rkQsMCJCb	no_revision	Reject
iclr_2018	rk8R_JWRW	no_revision	Reject
iclr_2018	rk4Fz2e0b	no_revision	Invite to Workshop Track
iclr_2018	rk3pnae0b	no_revision	Invite to Workshop Track
iclr_2018	rk3mjYRp-	no_revision	Reject
iclr_2018	rk1FQA0pW	no_revision	Reject
iclr_2018	rJv4XWZA-	no_revision	Reject
iclr_2018	rJqfKPJ0Z	no_revision	Reject
iclr_2018	rJoXrxZAZ	no_revision	Reject
iclr_2018	rJfHoM-C-	no_pdf	Reject
iclr_2018	rJbs5gbRW	no_revision	Reject
iclr_2018	rJaE2alRW	no_revision	Reject
iclr_2018	rJa90ceAb	no_revision	Reject
iclr_2018	rJTGkKxAZ	no_revision	Reject
iclr_2018	rJR2ylbRb	no_revision	Reject
iclr_2018	rJHcpW-CW	no_revision	Reject
iclr_2018	rJFOptp6Z	no_revision	Reject
iclr_2018	rJBwoM-Cb	no_revision	Reject
iclr_2018	rJ7RBNe0-	no_revision	Reject
iclr_2018	rJ695PxRW	no_revision	Reject
iclr_2018	rJ3fy0k0Z	no_revision	Reject
iclr_2018	r1nzLmWAb	no_revision	Reject
iclr_2018	r1kjEuHpZ	no_revision	Reject
iclr_2018	r1kj4ACp-	no_revision	Reject
iclr_2018	r1kP7vlRb	no_pdf	Reject
iclr_2018	r1hsJCe0Z	no_revision	Invite to Workshop Track
iclr_2018	r1ayG7WRZ	no_revision	Reject
iclr_2018	r1Zi2Mb0-	no_revision	Reject
iclr_2018	r1RQdCg0W	no_revision	Reject
iclr_2018	r1QZ3zbAZ	no_revision	Reject
iclr_2018	r1Oen--RW	no_revision	Reject
iclr_2018	r1Kr3TyAb	no_revision	Reject
iclr_2018	r1HNP0eCW	no_revision	Reject
iclr_2018	r1DPFCyA-	no_revision	Reject
iclr_2018	r1BRfhiab	no_revision	Reject
iclr_2018	r17lFgZ0Z	no_revision	Reject
iclr_2018	r17Q6WWA-	no_revision	Reject
iclr_2018	r15kjpHa-	no_revision	Reject
iclr_2018	r111KtCp-	no_revision	Reject
iclr_2018	SyxCqGbRZ	no_revision	Reject
iclr_2018	Syx6bz-Ab	no_revision	Reject
iclr_2018	SyvCD-b0W	no_revision	Reject
iclr_2018	SyuWNMZ0W	no_revision	Reject
iclr_2018	Syt0r4bRZ	no_revision	Reject
iclr_2018	SyrYCWWRW	no_decision	None
iclr_2018	Syr8Qc1CW	no_revision	Invite to Workshop Track
iclr_2018	Syl3_2JCZ	no_revision	Reject
iclr_2018	SyhcXjy0Z	no_revision	Reject
iclr_2018	Sy_MK3lAZ	no_revision	Reject
iclr_2018	SyXNErg0W	no_revision	Reject
iclr_2018	SyW4Gjg0W	no_revision	Reject
iclr_2018	SyVVXngRW	no_revision	Reject
iclr_2018	SySpa-Z0Z	no_revision	Reject
iclr_2018	SyGT_6yCZ	no_revision	Reject
iclr_2018	Sy5OAyZC-	no_revision	Reject
iclr_2018	Sy3XxCx0Z	no_revision	Invite to Workshop Track
iclr_2018	SkwAEQbAb	no_revision	Reject
iclr_2018	Sktm4zWRb	no_revision	Reject
iclr_2018	SksY3deAW	no_revision	Reject
iclr_2018	SkrHeXbCW	no_revision	Reject
iclr_2018	SkqV-XZRZ	no_revision	Reject
iclr_2018	SkmM6M_pW	no_revision	Reject
iclr_2018	SkiCjzNTZ	no_revision	Reject
iclr_2018	SkfNU2e0Z	no_revision	Reject
iclr_2018	SkZ-BnyCW	no_revision	Reject
iclr_2018	SkPoRg10b	no_revision	Reject
iclr_2018	SkJd_y-Cb	no_revision	Reject
iclr_2018	SkFEGHx0Z	no_revision	Reject
iclr_2018	SkBYYyZRZ	no_revision	Invite to Workshop Track
iclr_2018	SkAK2jg0b	no_revision	Reject
iclr_2018	Sk7cHb-C-	no_revision	Reject
iclr_2018	Sk0pHeZAW	no_revision	Reject
iclr_2018	Sk03Yi10Z	no_revision	Reject
iclr_2018	SJxE3jlA-	no_revision	Reject
iclr_2018	SJw03ceRW	no_revision	Reject
iclr_2018	SJvrXqvaZ	no_revision	Reject
iclr_2018	SJu63o10b	no_revision	Reject
iclr_2018	SJtfOEn6-	no_revision	Reject
iclr_2018	SJiHOSeR-	no_revision	Reject
iclr_2018	SJdCUMZAW	no_revision	Reject
iclr_2018	SJd0EAy0b	no_revision	Reject
iclr_2018	SJVHY9lCb	no_revision	Reject
iclr_2018	SJTB5GZCb	no_revision	Invite to Workshop Track
iclr_2018	SJQO7UJCW	no_revision	Reject
iclr_2018	SJDYgPgCZ	no_revision	Reject
iclr_2018	SJD8YjCpW	no_revision	Reject
iclr_2018	SJ71VXZAZ	no_revision	Reject
iclr_2018	SJ1fQYlCZ	no_revision	Reject
iclr_2018	S1tWRJ-R-	no_revision	Reject
iclr_2018	S1sRrN-CW	no_revision	Reject
iclr_2018	S1p31z-Ab	no_revision	Accept (Poster)
iclr_2018	S1m6h21Cb	no_revision	Reject
iclr_2018	S1lN69AT-	no_revision	Invite to Workshop Track
iclr_2018	S1XXq6lRW	no_revision	Reject
iclr_2018	S1Q79heRW	no_revision	Reject
iclr_2018	S1FQEfZA-	no_revision	Reject
iclr_2018	S1FFLWWCZ	no_revision	Reject
iclr_2018	S1EwLkW0W	no_revision	Reject
iclr_2018	S1Auv-WRZ	no_revision	Invite to Workshop Track
iclr_2018	S17mtzbRb	no_revision	Reject
iclr_2018	S1347ot3b	no_revision	Reject
iclr_2018	HyowcvgAZ	no_decision	None
iclr_2018	Hymt27b0Z	no_revision	Reject
iclr_2018	Hyig0zb0Z	no_revision	Reject
iclr_2018	HydnA1WCb	no_revision	Reject
iclr_2018	Hy_o3x-0b	no_revision	Reject
iclr_2018	HyY0Ff-AZ	no_revision	Reject
iclr_2018	HyTrSegCb	no_revision	Reject
iclr_2018	HyNyyCxA-	no_decision	None
iclr_2018	HyDu7FgAW	no_decision	None
iclr_2018	HyDAQl-AW	no_revision	Reject
iclr_2018	HyBbjW-RW	no_revision	Reject
iclr_2018	Hy8hkYeRb	no_revision	Reject
iclr_2018	Hy7EPh10W	no_revision	Reject
iclr_2018	HkwrqtlR-	no_revision	Reject
iclr_2018	HklpCzC6-	no_revision	Reject
iclr_2018	HklZOfW0W	no_revision	Reject
iclr_2018	Hki-ZlbA-	no_revision	Reject
iclr_2018	HkbmWqxCZ	no_revision	Reject
iclr_2018	HkanP0lRW	no_revision	Reject
iclr_2018	HkOhuyA6-	no_revision	Reject
iclr_2018	HkMCybx0-	no_revision	Reject
iclr_2018	HkJ1rgbCb	no_revision	Reject
iclr_2018	HkCvZXbC-	no_revision	Reject
iclr_2018	HJw8fAgA-	no_revision	Reject
iclr_2018	HJsk5-Z0W	no_revision	Reject
iclr_2018	HJrJpzZRZ	no_revision	Reject
iclr_2018	HJqUtdOaZ	no_revision	Reject
iclr_2018	HJoYD6gC-	no_decision	None
iclr_2018	HJcjQTJ0W	no_revision	Reject
iclr_2018	HJ_X8GupW	no_revision	Reject
iclr_2018	HJZiRkZC-	no_revision	Reject
iclr_2018	HJYoqzbC-	no_revision	Reject
iclr_2018	HJYQLb-RW	no_revision	Invite to Workshop Track
iclr_2018	HJXyS7bRb	no_revision	Reject
iclr_2018	HJWGdbbCW	no_revision	Reject
iclr_2018	HJRV1ZZAW	no_revision	Reject
iclr_2018	HJMN-xWC-	no_revision	Reject
iclr_2018	HJDV5YxCW	no_revision	Reject
iclr_2018	HJDUjKeA-	no_revision	Reject
iclr_2018	HJ8W1Q-0Z	no_revision	Reject
iclr_2018	HJ1HFlZAb	no_revision	Reject
iclr_2018	H1vCXOe0b	no_revision	Reject
iclr_2018	H1uP7ebAW	no_revision	Reject
iclr_2018	H1pri9vTZ	no_revision	Reject
iclr_2018	H1eJxngCW	no_revision	Invite to Workshop Track
iclr_2018	H1Ww66x0-	no_revision	Reject
iclr_2018	H1OQukZ0-	no_revision	Reject
iclr_2018	H1O0KGC6b	no_revision	Reject
iclr_2018	H1Nyf7W0Z	no_revision	Reject
iclr_2018	H1NV4agCb	no_revision	Reject
iclr_2018	H1DGha1CZ	no_revision	Reject
iclr_2018	H1BHbmWCZ	no_revision	Reject
iclr_2018	H18WqugAb	no_revision	Invite to Workshop Track
iclr_2018	H13WofbAb	no_revision	Reject
iclr_2018	H11lAfbCW	no_revision	Reject
iclr_2018	H1-oTz-Cb	no_revision	Reject
iclr_2018	ByzvHagA-	no_revision	Reject
iclr_2018	Byj54-bAW	no_revision	Reject
iclr_2018	Byht0GbRZ	no_revision	Reject
iclr_2018	ByaQIGg0-	no_revision	Invite to Workshop Track
iclr_2018	ByUEelW0-	no_revision	Reject
iclr_2018	ByOoMSgRW	no_decision	None
iclr_2018	ByL48G-AW	no_revision	Reject
iclr_2018	ByJ7obb0b	no_revision	Reject
iclr_2018	By9iRkWA-	no_revision	Reject
iclr_2018	By3v9k-RZ	no_revision	Invite to Workshop Track
iclr_2018	By0ANxbRW	no_revision	Reject
iclr_2018	By-IifZRW	no_revision	Reject
iclr_2018	BkpXqwUTZ	no_revision	Reject
iclr_2018	BkoCeqgR-	no_revision	Reject
iclr_2018	BkiIkBJ0b	no_revision	Reject
iclr_2018	Bk_fs6gA-	no_revision	Reject
iclr_2018	BkVf1AeAZ	no_revision	Reject
iclr_2018	BkUDW_lCb	no_revision	Reject
iclr_2018	BkQCGzZ0-	no_revision	Reject
iclr_2018	BkM3ibZRW	no_revision	Invite to Workshop Track
iclr_2018	BkM27IxR-	no_revision	Reject
iclr_2018	Bk346Ok0W	no_revision	Reject
iclr_2018	Bk-ofQZRb	no_revision	Reject
iclr_2018	BJluxbWC-	no_revision	Reject
iclr_2018	BJhxcGZCW	no_revision	Reject
iclr_2018	BJcAWaeCW	no_revision	Reject
iclr_2018	BJRxfZbAW	no_revision	Reject
iclr_2018	BJMuY-gRW	no_revision	Reject
iclr_2018	BJInMmWC-	no_revision	Reject
iclr_2018	BJDEbngCZ	no_revision	Reject
iclr_2018	BJB7fkWR-	no_revision	Reject
iclr_2018	BJ7d0fW0b	no_revision	Reject
iclr_2018	BJ78bJZCZ	no_revision	Reject
iclr_2018	B1uvH_gC-	no_revision	Reject
iclr_2018	B1twdMCab	no_revision	Reject
iclr_2018	B1tExikAW	no_revision	Reject
iclr_2018	B1suU-bAW	no_revision	Reject
iclr_2018	B1spAqUp-	no_revision	Reject
iclr_2018	B1p461b0W	no_revision	Reject
iclr_2018	B1oOAeb0b	no_decision	None
iclr_2018	B1mAkPxCZ	no_revision	Reject
iclr_2018	B1bgpzZAZ	no_revision	Reject
iclr_2018	B1O3OgbRW	no_decision	None
iclr_2018	B1KJJf-R-	no_revision	Invite to Workshop Track
iclr_2018	B1EPYJ-C-	no_revision	Reject
iclr_2018	B1EGg7ZCb	no_revision	Reject
iclr_2018	B1CQGfZ0b	no_revision	Reject
iclr_2018	B1CEaMbR-	no_revision	Reject
iclr_2018	B16_iGWCW	no_revision	Reject
iclr_2018	B12QlQWRW	no_decision	None
